bibnum,title,author,isbn,publicationyear,publisher,itemtype,itemcollection,floatingitem,itemlocation,reportdate,itemcount,subject_1,subject_2,subject_3,subject_4,subject_5,subject_6,subject_7,subject_8,subject_9,subject_10,subject_11,subject_12,subject_13,subject_14,subject_15,subject_16,subject_17,subject_18,subject_19,subject_20,subject_21,subject_22,subject_23,subject_24
3262819,City of miracles : a novel,"Bennett, Robert Jackson, 1984-","0553419730, 9780553419733",[2017],"Broadway Books,",acbk,nasf,NA,cap,2022-05-01T00:00:00.000,1,Prime ministers Assassination Fiction, Revenge Fiction, Science fiction, Fantasy fiction, Spy fiction,,,,,,,,,,,,,,,,,,,
3098276,The fiery cross,"Gabaldon, Diana","0385336764, 9780385336765",2014,"Bantam Books Trade Paperbacks,",acbk,cafic,NA,cen,2022-05-01T00:00:00.000,1,Randall Claire Fictitious character Fiction, Fraser Jamie Fictitious character from Gabaldon Fiction, Time travel Fiction, North Carolina History Colonial period ca 1600 1775 Fiction, Fantasy fiction, Historical fiction, Action and adventure fiction,,,,,,,,,,,,,,,,,
3768680,Unseen magic,"Lloyd-Jones, Emily","0063057980, 9780063057982, 9780063058002",2022,"Greenwillow Books, an imprint of HarperCollinsPublishers,",jcbk,ncnew,NA,swt,2022-05-01T00:00:00.000,1,Preteen girls Juvenile fiction, Memory Juvenile fiction, Fear Juvenile fiction, Doppelg„ngers Juvenile fiction, Tea Juvenile fiction, Single parent families Juvenile fiction, Magic Juvenile fiction, Memory Fiction, Fear Fiction, Doppelg„ngers Fiction, Tea Fiction, Single parent families Fiction, Magic Fiction, Fantasy fiction, Novels,,,,,,,,,
3465691,The book charmer,"Hawkins, Karen","1508292582, 1508292590, 9781508292586, 9781508292593",[2019],"Simon & Schuster Audio,",accd,cabocd,NA,cen,2022-05-01T00:00:00.000,1,Women librarians Fiction, Town clerks Fiction, City and town life North Carolina Fiction, Female friendship Fiction, Books and reading Fiction, Families Fiction, Magic Fiction, North Carolina Fiction, Romance fiction, Fantasy fiction, Audiobooks, Domestic fiction,,,,,,,,,,,,
3664585,The dangerous gift,"Sutherland, Tui, 1978-","1338214543, 1760974498, 9781338214543, 9781760974497",[2021],"Scholastic Press,",jcbk,ncfic,NA,bro,2022-05-01T00:00:00.000,1,Dragons Juvenile fiction, Magic Juvenile fiction, Good and evil Juvenile fiction, Adventure stories Juvenile literature, Fantasy fiction, Action and adventure fiction,,,,,,,,,,,,,,,,,,
3454641,By demons possessed,"Hodgell, P. C. (Patricia C.)","1481483986, 9781481483988",[2019],"Baen ,",acbk,nasf,NA,rbe,2022-05-01T00:00:00.000,1,Gods Fiction, Murder Fiction, Thieves Fiction, Women heroes Fiction, Fantasy fiction,,,,,,,,,,,,,,,,,,,
2216174,Dark matter : reading the bones,edited by Sheree R. Thomas.,"0446528609, 9780446528603",[2004],"Aspect/Warner Books,",acbk,casf,NA,cen,2022-05-01T00:00:00.000,1,Science fiction, Fantasy fiction, Short stories,,,,,,,,,,,,,,,,,,,,,
3386330,The third mushroom,"Holm, Jennifer L.","1524719803, 1524719811, 9781524719807, 9781524719814",[2018],"Random House,",jcbk,ncfic,NA,qna,2022-05-01T00:00:00.000,1,Grandfathers Fiction, Scientists Fiction, Aging Fiction, Middle schools Fiction, Schools Fiction, Friendship Fiction, Family life Fiction, Grandfathers Juvenile fiction, Scientists Juvenile fiction, Aging Juvenile fiction, Middle schools Juvenile fiction, Schools Juvenile fiction, Friendship Juvenile fiction, Families Juvenile fiction, Fantasy fiction,,,,,,,,,
3595893,Quidditch through the ages,"Rowling, J. K.","1338340565, 9781338340563",2020,"Scholastic Inc.,",jcbk,ncfic,NA,gwd,2022-05-01T00:00:00.000,1,Rowling J K Sports Juvenile fiction, Rowling J K Characters Juvenile fiction, Potter Harry Fictitious character Juvenile fiction, Quidditch Game History Juvenile fiction, Sports Miscellanea Juvenile fiction, Sports in literature Juvenile fiction, Games Juvenile fiction, Wizards Juvenile fiction, Magic Juvenile fiction, Sports stories, Hogwarts School of Witchcraft and Wizardry Imaginary organization Juvenile fiction, Games Fiction, Wizards Fiction, Magic Fiction, Sports Fiction, Fantasy fiction,,,,,,,,
3761274,The rise of Greg,"Rylander, Chris","1524739790, 1524739804, 1725497336, 9781524739799, 9781524739805, 9781725497337",2020,"Puffin Books,",jcbk,ncfic,NA,uni,2022-05-01T00:00:00.000,1,Dwarfs Folklore Fiction, Magic Fiction, Elves Fiction, Dwarfs Folklore Fiction, Magic Fiction, Elves Fiction, Adventure and adventurers Fiction, Fantasy, Fantasy fiction, Fantasy fiction, Fiction,,,,,,,,,,,,,
3513532,Chain of gold,"Clare, Cassandra","1481431870, 1481431889, 9781481431873, 9781481431880, 9781481431897",[2020],"Margaret K. McElderry Books,",acbk,nyfic,NA,col,2022-05-01T00:00:00.000,1,Demonology Fiction, Magic Fiction, Brothers and sisters Fiction, Friendship Fiction, London England History 20th century Fiction, Great Britain History Edward VII 1901 1910 Fiction, Supernatural Fiction, Demonology Fiction, Magic Fiction, Brothers and sisters Fiction, Friendship Fiction, London England History 20th century Fiction, Great Britain History Edward VII 1901 1910 Fiction, Paranormal fiction, Historical fiction, Fantasy fiction,,,,,,,,
3164197,The devil you know,"Parker, K. J.","0765387891, 9780765387899",2016,"Tom Doherty Associates,",acbk,casf,NA,cen,2022-05-01T00:00:00.000,2,Philosophers Fiction, Devil Fiction, Fantasy fiction,,,,,,,,,,,,,,,,,,,,,
3183422,The very best of Charles de Lint.,"De Lint, Charles, 1951-","1892391961, 9781892391964",[2010],"Tachyon,",acbk,nasf,NA,hip,2022-05-01T00:00:00.000,1,Magic Fiction, Fantasy fiction, Short stories,,,,,,,,,,,,,,,,,,,,,
3597611,The warrior's curse,"Nielsen, Jennifer A.","1338045458, 9781338045451",2020,"Scholastic Press,",acbk,cyfic,NA,cen,2022-05-01T00:00:00.000,1,Magic Juvenile fiction, Kidnapping Juvenile fiction, Conspiracies Juvenile fiction, Young adult fiction, Action and adventure fiction, Fantasy fiction,,,,,,,,,,,,,,,,,,
3726451,Cazadora,"Garber, Romina","125023915X, 9781250239150",2021,"Wednesday Books,",acbk,nyfic,NA,net,2022-05-01T00:00:00.000,1,Magic Fiction, Werewolves Juvenile fiction, Identity Philosophical concept Juvenile fiction, Belonging Social psychology Juvenile fiction, Magic Juvenile fiction, Fantasy, Young adult fiction, Werewolves Fiction, Identity Fiction, Belonging Social psychology Fiction, Magic Fiction, Fantasy, Young adult fiction, Fantasy fiction, Paranormal fiction,,,,,,,,,
3456043,To the forgotten castle,"Thorpe, Kiki","0736439552, 0736482709, 9780736439558, 9780736439565, 9780736482707",[2019],"Random House,",jcbk,ncser,NA,mgm,2022-05-01T00:00:00.000,1,Tinker Bell Fictitious character Juvenile fiction, Castles Juvenile fiction, Secrecy Juvenile fiction, Missing persons Juvenile fiction, Lost articles Juvenile fiction, Magic Juvenile fiction, Fairies Juvenile fiction, Fantasy fiction,,,,,,,,,,,,,,,,
2819793,A million heavens,"Brandon, John (John Owen)","1936365731, 9781936365739",[2012],"[McSweeney's],",acbk,cafic,NA,cen,2022-05-01T00:00:00.000,1,Pianists Fiction, Coma Patients Fiction, Fantasy fiction,,,,,,,,,,,,,,,,,,,,,
3636756,The constant rabbit,"Fforde, Jasper","0593296524, 9780593296523, 9780593296530",2020,"Viking, an imprint of Penguin Random House LLC,",acbk,nasf,NA,mag,2022-05-01T00:00:00.000,1,Rabbits Fiction, Villages Fiction, Prejudices Fiction, England Fiction, Humorous fiction, Satirical literature, Fantasy fiction, Fantasy fiction,,,,,,,,,,,,,,,,
3602844,Twilight hauntings,"Sage, Angie","0062970186, 9780062970183",[2020],"Harper Audio,",jccd,ncbocd,Floating,lcy,2022-05-01T00:00:00.000,1,Playing cards Juvenile fiction, Magic Juvenile fiction, Playing cards Fiction, Magic Fiction, Fantasy fiction, Childrens audiobooks, Audiobooks,,,,,,,,,,,,,,,,,
3595618,Harrow the ninth,"Muir, Tamsyn","1250313228, 9781250313225",2020,"Tom Doherty Associates,",acbk,nasf,NA,nga,2022-05-01T00:00:00.000,1,Witches Fiction, Magic Fiction, Lesbians Fiction, Imaginary wars and battles Fiction, Swords Fiction, Fantasy fiction, Science fiction,,,,,,,,,,,,,,,,,
3272036,Hiddensee : a tale of the once and future Nutcracker,"Maguire, Gregory","0062684388, 9780062684387",2017,"William Morrow, an imprint of HarperCollinsPublishers,",acbk,nafic,NA,lcy,2022-05-01T00:00:00.000,1,Fairy tales Adaptations, Christmas fiction, Fantasy fiction,,,,,,,,,,,,,,,,,,,,,
3279354,A secret history of witches,"Morgan, Louisa, 1952-","0316508551, 0316508586, 9780316508551, 9780316508582",2017,"Redhook,",acbk,nafic,NA,dth,2022-05-01T00:00:00.000,1,Witches Fiction, Mothers and daughters Fiction, Families Fiction, Magic Fiction, Brittany France Fiction, London England Fiction, Fantasy fiction,,,,,,,,,,,,,,,,,
3684414,Flame riders,"Grigsby, Sean","085766901X, 9780857669018, 9780857669117",2021,"Angry Robot, an imprint of Watkins Media,",acbk,nasf,NA,bal,2022-05-01T00:00:00.000,1,Fire fighters Fiction, Dragons Fiction, Fire Fiction, Science fiction, Paranormal fiction, Action and adventure fiction, Fantasy fiction,,,,,,,,,,,,,,,,,
3639967,The awakening,"Roberts, Nora","1250272610, 9781250272607, 9781250272614",2020,"St. Martin's Press,",acbk,nafic,NA,gwd,2022-05-01T00:00:00.000,1,Magic Fiction, Multiverse Fiction, Fate and fatalism Fiction, Ireland Fiction, Fathers and daughters Fiction, Fantasy fiction, Romance fiction, Paranormal fiction, Fantasy fiction,,,,,,,,,,,,,,,
2097913,"His monkey wife, or, Married to a chimp","Collier, John, 1901-1980",966491335,2000,"Paul Dry Books,",acbk,cafic,NA,cen,2022-05-01T00:00:00.000,2,Human animal relationships Fiction, Chimpanzees Fiction, Fantasy fiction,,,,,,,,,,,,,,,,,,,,,
3616691,The Neil Gaiman reader : selected fiction,"Gaiman, Neil","0063031892, 9780063031890",[2020],"Harper Audio,",accd,nabocd,Floating,wal,2022-05-01T00:00:00.000,1,Fantasy fiction English, Short stories English, Fantasy fiction, Magic realist fiction, Short stories, Excerpts, Audiobooks,,,,,,,,,,,,,,,,,
3245766,Borne,"VanderMeer, Jeff","0374115249, 9780374115241",2017,"MCD/Farrar, Straus and Giroux,",acbk,nasf,NA,bea,2022-05-01T00:00:00.000,1,Refuse collectors Fiction, Drug dealers Fiction, Interpersonal relations Fiction, Biotechnology Environmental aspects Fiction, Fantasy fiction, Apocalyptic fiction, Science fiction,,,,,,,,,,,,,,,,,
3727027,Go tell the bees that I am gone,"Gabaldon, Diana","1705024939, 9781705024935",[2021],"Recorded Books, Llc,",accd,nabocd,Floating,col,2022-05-01T00:00:00.000,1,Randall Claire Fictitious character Fiction, Fraser Jamie Fictitious character from Gabaldon Fiction, United States History Revolution 1775 1783 Fiction, Time travel fiction, Audiobooks, Science fiction, Fantasy fiction, Novels,,,,,,,,,,,,,,,,
3313627,Hard boiled wonderland and the end of the world,"Murakami, Haruki, 1949-","9626343389, 9789626343388",[2010],"Naxos,",accd,cabocd,NA,cen,2022-05-01T00:00:00.000,1,Japanese fiction Translations into English, Cybernetics Fiction, Japan Fiction, Fantasy fiction, Audiobooks,,,,,,,,,,,,,,,,,,,
3396517,Muse of nightmares,"Taylor, Laini","0316341711, 9780316341714",2018,"Little, Brown and Company,",acbk,nyfic,NA,cap,2022-05-01T00:00:00.000,1,Adventure and adventurers Fiction, Sisters Fiction, Fantasy, Sisters Juvenile fiction, Sisters Fiction, Action and adventure fiction, Fantasy fiction,,,,,,,,,,,,,,,,,
3760197,Temple of no god,"Long, H. M. (Hannah M.)","1789095565, 9781789095562, 9781789095579",2022,"Titan Books,",acbk,nasf,NA,nga,2022-05-01T00:00:00.000,1,Women priests Fiction, Women soldiers Fiction, Goddesses Fiction, Imaginary wars and battles Fiction, Fantasy fiction,,,,,,,,,,,,,,,,,,,
3597409,"Ring shout : or, Hunting Ku Kluxes in the end times","Clark, P. Djèlí","1250767024, 9781250767028",2020,"Tordotcom,",acbk,nasf,NA,net,2022-05-01T00:00:00.000,1,Ku Klux Klan 1915 Fiction, African Americans Georgia Fiction, Race relations Fiction, Demonology Fiction, Magic Fiction, Macon County Ga History 20th century Fiction, Fantasy fiction, Paranormal fiction, Historical fiction, Novellas,,,,,,,,,,,,,,
2838185,A once crowded sky : a novel,"King, Tom, 1978-","1451652003, 1451652011, 9781451652000, 9781451652017",2012,"Simon & Schuster,",acbk,cafic,NA,cen,2022-05-01T00:00:00.000,1,Superheroes Fiction, Fantasy fiction,,,,,,,,,,,,,,,,,,,,,,
3401598,The phantom tree,"Cornick, Nicola","1525805991, 9781525805998",2018,"Graydon House,",acbk,nafic,NA,glk,2022-05-01T00:00:00.000,1,Portraits Fiction, Families Fiction, Family secrets Fiction, Time travel Fiction, Great Britain History Tudors 1485 1603 Fiction, Historical fiction, Fantasy fiction,,,,,,,,,,,,,,,,,
3336202,Ink,"Broadway, Alice","1338196995, 9781338196993",2018,"Scholastic,",acbk,nyfic,NA,lcy,2022-05-01T00:00:00.000,1,Dystopias Juvenile fiction, Tattooing Juvenile fiction, Social control Juvenile fiction, Secrecy Juvenile fiction, Fathers and daughters Juvenile fiction, Fantasy fiction, Detective and mystery fiction, Young adult fiction,,,,,,,,,,,,,,,,
3452509,Eye spy,"Lackey, Mercedes","0756413206, 9780756413200",[2019],"DAW Books, Inc.,",acbk,nasf,NA,dth,2022-05-01T00:00:00.000,1,Valdemar Imaginary place Fiction, Psychic ability Fiction, Fantasy fiction, Fantasy fiction,,,,,,,,,,,,,,,,,,,,
2734914,Dead iron,"Monk, Devon","045146396X, 9780451463968",[2011],"ROC,",acbk,nasf,NA,net,2022-05-01T00:00:00.000,1,Bounty hunters Fiction, Werewolves Fiction, Railroads Design and construction Fiction, Brothers Fiction, Fantasy fiction,,,,,,,,,,,,,,,,,,,
3002364,The High Druid's blade,"Brooks, Terry","0804190631, 0804190658, 9780804190633, 9780804190657",[2014],"Books on Tape ; Random House Audio,",accd,nabocd,Floating,uni,2022-05-01T00:00:00.000,1,Shannara Imaginary place Fiction, Audiobooks, Fantasy fiction,,,,,,,,,,,,,,,,,,,,,
3599593,Lobizona,"Garber, Romina","1250239125, 9781250239129",2020,"Wednesday Books,",acbk,nyfic,NA,rbe,2022-05-01T00:00:00.000,1,Werewolves Fiction, Emigration and immigration Fiction, Identity Philosophical concept Fiction, Magic Fiction, Sex role Fiction, Young adult fiction, Fantasy, Identity Fiction, Fantasy fiction,,,,,,,,,,,,,,,
3007020,The return of the discontinued man : a Burton & Swinburne adventure,"Hodder, Mark, 1962-","1616149051, 9781616149055",2014,"Pyr, an imprint of Prometheus Books,",acbk,casf,NA,cen,2022-05-01T00:00:00.000,1,Burton Richard Francis Sir 1821 1890 Fiction, Swinburne Algernon Charles 1837 1909 Fiction, Victoria Queen of Great Britain 1819 1901 Assassination attempts Fiction, Spring heeled Jack Legendary character Fiction, Criminal investigation England London Fiction, Fantasy fiction, Mystery fiction,,,,,,,,,,,,,,,,,
3768233,Pilar Ramirez and the escape from Zafa,"Randall, Julian","1250774101, 9781250774101",2022,"Henry Holt and Company,",jcbk,ncfic,NA,hip,2022-05-01T00:00:00.000,1,Folklore Dominican Republic Juvenile fiction, Missing persons Juvenile fiction, Memory Juvenile fiction, Animals Mythical Juvenile fiction, Families Juvenile fiction, Magic Juvenile fiction, Dominican Americans Juvenile fiction, Folklore Dominican Republic Fiction, Missing persons Fiction, Memory Fiction, Animals Mythical Fiction, Family life Fiction, Magic Fiction, Dominican Americans Fiction, Fantasy fiction, Action and adventure fiction, Novels, Romans,,,,,,
3285419,Telling the map : stories,"Rowe, Christopher","1618731327, 9781618731326",[2017],"Small Beer Press,",acbk,nasf,NA,swt,2022-05-01T00:00:00.000,1,Artificial intelligence Fiction, Technology and civilization Fiction, Science fiction, Fantasy fiction, Short stories,,,,,,,,,,,,,,,,,,,
3511056,The magnificent monsters of Cedar Street,"Oliver, Lauren, 1982-","0062345079, 9780062345073",[2020],"Harper, an imprint of HarperCollinsPublishers,",jcbk,ncfic,NA,rbe,2022-05-01T00:00:00.000,1,Monsters Juvenile fiction, Missing persons Juvenile fiction, Animals Mythical Juvenile fiction, Boston Mass Juvenile fiction, Historical fiction, Magic realist fiction, Detective and mystery fiction, Fantasy fiction,,,,,,,,,,,,,,,,
3229179,The runaway,"O'Hearn, Kate","1481447408, 9781481447409",2017,"Aladdin,",jcbk,ncfic,NA,swt,2022-05-01T00:00:00.000,1,Valkyries Norse mythology Juvenile fiction, Mythology Norse Juvenile fiction, Action and adventure fiction, Fairy tales, Fables, Fantasy fiction,,,,,,,,,,,,,,,,,,
3133859,Swords and scoundrels,"Knight, Julia, 1969-","0316374962, 9780316374965",2015,"Orbit,",acbk,nasf,NA,bal,2022-05-01T00:00:00.000,1,Brigands and robbers Fiction, Brothers and sisters Fiction, Magicians Fiction, Fantasy fiction,,,,,,,,,,,,,,,,,,,,
3460005,A toy for Trinket,"Depken, Kristen L.","1984848070, 1984848089, 9781984848079, 9781984848086",[2019],"Random House,",jcbk,ncrdr,Floating,hip,2022-05-01T00:00:00.000,1,Princesses Juvenile fiction, Knights and knighthood Juvenile fiction, Toys Juvenile fiction, Princesses Fiction, Knights and knighthood Fiction, Toys Fiction, Adaptations, Readers Publications, Fantasy fiction,,,,,,,,,,,,,,,
3283366,Afterlife,"Sakey, Marcus","1477848401, 1477848479, 9781477848401, 9781477848470",[2017],"Thomas & Mercer,",acbk,cafic,NA,cen,2022-05-01T00:00:00.000,1,Future life Fiction, Chicago Ill Fiction, Thrillers Fiction, Fantasy fiction,,,,,,,,,,,,,,,,,,,,
3517105,If we were giants : a novel,"Matthews, Dave, 1967-","1484778715, 9781484778715",2020,"Disney * Hyperion,",jcbk,ncfic,NA,mgm,2022-05-01T00:00:00.000,1,Community life Juvenile fiction, Storytellers Juvenile fiction, War stories, Community life Fiction, Storytellers Fiction, War Fiction, Fantasy fiction,,,,,,,,,,,,,,,,,
3511057,Mañanaland,"Ryan, Pam Muñoz","1338157868, 9781338157864, 9781338157888",2020,"Scholastic Press, an imprint of Scholastic Inc.,",jcbk,ncfic,NA,spa,2022-05-01T00:00:00.000,1,Legends Juvenile fiction, Quests Expeditions Juvenile fiction, Magic Juvenile fiction, Grandfathers Juvenile fiction, Folklore Fiction, Fantasy fiction,,,,,,,,,,,,,,,,,,
3441919,Armed in her fashion,"Heartfield, Kate","1771484527, 9781771484527",[2018],"Chizine Publications (CZP),",acbk,nafic,NA,qna,2022-05-01T00:00:00.000,1,Imaginary wars and battles Fiction, Mothers and daughters Fiction, Science fiction, Fantasy fiction,,,,,,,,,,,,,,,,,,,,
3375306,Competence,"Carriger, Gail","0316433888, 9780316433884",2018,"Orbit,",acbk,nafic,NA,glk,2022-05-01T00:00:00.000,1,Werewolves Fiction, Vampires Fiction, Paranormal fiction, Fantasy fiction,,,,,,,,,,,,,,,,,,,,
3406183,"Black leopard, red wolf","James, Marlon, 1970-","0525542779, 0735220174, 9780525542773, 9780735220171",[2019],"Riverhead Books, an imprint of Penguin Random House LLC,",acbk,nasf,NA,spa,2022-05-01T00:00:00.000,1,Missing children Fiction, Mercenary troops Fiction, Tracking and trailing Fiction, Shapeshifting Fiction, Leopard men Fiction, Fantasy fiction, Epic fiction,,,,,,,,,,,,,,,,,
3494456,The throne of the five winds,"Emmett, S. C.","0316436941, 9780316436946",2019,"Orbit,",acbk,nasf,NA,bro,2022-05-01T00:00:00.000,1,Kings and rulers Fiction, Secrecy Fiction, Inheritance and succession Fiction, Imaginary wars and battles Fiction, Fantasy fiction,,,,,,,,,,,,,,,,,,,
3364387,Torn,"Miller, Rowenna","0316478628, 9780316478625",2018,"Orbit,",acbk,nasf,NA,nga,2022-05-01T00:00:00.000,1,Dressmakers Fiction, Magic Fiction, Fantasy fiction,,,,,,,,,,,,,,,,,,,,,
3678944,The conductors,"Glover, Nicole","0358306914, 1799969207, 9780358306917, 9781799969204",[2021],"Houghton Mifflin Harcourt,",accd,nabocd,Floating,rbe,2022-05-01T00:00:00.000,1,Underground Railroad Fiction, Magic Fiction, Murder Investigation Fiction, African Americans Fiction, Philadelphia Pa Fiction, Fantasy fiction, Historical fiction, Audiobooks, Fantasy fiction, Detective and mystery fiction, Historical fiction,,,,,,,,,,,,,
3145245,Blood of elves,"Sapkowski, Andrzej","031602919X, 9780316029193",2009,"Orbit,",acbk,nafic,NA,net,2022-05-01T00:00:00.000,1,Assassins Fiction, Fantasy fiction, Paranormal fiction,,,,,,,,,,,,,,,,,,,,,
3034472,Vesʹ ėtot rok-n-roll : [roman],"Lipskerov, M. (Mikhail Fëdorovich)","5170807325, 9785170807321",2013,"AST,",acbk,caln,NA,cen,2022-05-01T00:00:00.000,2,Rock musicians Fiction, Russia Federation Fiction, Psychological fiction, Fantasy fiction,,,,,,,,,,,,,,,,,,,,
2360701,Mistborn : the final empire,"Sanderson, Brandon",076531178X,2006,"Tor,",acbk,nasf,NA,dth,2022-05-01T00:00:00.000,1,Women revolutionaries Fiction, Courts and courtiers Fiction, Fantasy fiction,,,,,,,,,,,,,,,,,,,,,
3689640,Uni brings spring,"Ransom, Candice F., 1952-","0593178068, 0593178076, 1646977068, 1713740206, 9780593178065, 9780593178072, 9781646977062, 9781713740209",[2021],"Random House Children's Books,",jcbk,ncrdr,Floating,rbe,2022-05-01T00:00:00.000,3,Unicorns Juvenile fiction, Seasons Juvenile fiction, Fantasy fiction, Readers Publications,,,,,,,,,,,,,,,,,,,,
3611243,Onward : read-aloud storybook and CD,"Scollon, Bill","1368045537, 9781368045537",[2020],"Disney Press,",jccd,nckit,NA,bal,2022-05-01T00:00:00.000,1,Brothers Juvenile fiction, Voyages and travels Juvenile fiction, Fantasy fiction Juvenile sound recordings, Childrens audiobooks, Action and adventure fiction,,,,,,,,,,,,,,,,,,,
2932413,Midnight train to Paris,"Sobanet, Juliette","1477808752, 9781477808757",2013,"Montlake Romance,",acbk,cafic,NA,cen,2022-05-01T00:00:00.000,1,Time travel Fiction, Time travel fiction, Fantasy fiction, Love stories, Mystery fiction,,,,,,,,,,,,,,,,,,,
3465758,Lalani of the distant sea,"Kelly, Erin Entrada","0062747274, 9780062747273",2019,"Greenwillow Books, an imprint of HarperCollinsPublishers,",jcbk,ncfic,NA,mgm,2022-05-01T00:00:00.000,1,Villages Juvenile fiction, Sex role Juvenile fiction, Adventure stories, Adventure and adventurers Fiction, Fantasy fiction,,,,,,,,,,,,,,,,,,,
3463734,Island of Dragons : the twelfth adventure in the Kingdom of Fantasy,"Stilton, Geronimo","1338546937, 9781338546934",2019,"Scholastic Inc.,",jcbk,ccser,NA,cen,2022-05-01T00:00:00.000,2,Stilton Geronimo Juvenile fiction, Mice Juvenile fiction, Dragons Juvenile fiction, Magic Juvenile fiction, Rescues Juvenile fiction, Princesses Juvenile fiction, Quests Expeditions Juvenile fiction, Adventure stories, Adventure and adventurers Fiction, Fantasy, Action and adventure fiction, Fantasy fiction,,,,,,,,,,,,
3620695,The invisible life of Addie LaRue,"Schwab, Victoria","0765387565, 9780765387561",2020,"Tor,",acbk,casf,NA,cen,2022-05-01T00:00:00.000,5,Memory Fiction, Immortalism Fiction, Deals Fiction, Paris France Fiction, New York N Y Fiction, Fantasy fiction, Historical fiction, Fantasy fiction, Historical fiction,,,,,,,,,,,,,,,
3273230,The monstrous child,"Simon, Francesca","0571330274, 9780571330270",2017,"Faber & Faber/Profile Books,",acbk,cyfic,NA,cen,2022-05-01T00:00:00.000,1,Mythology Norse Juvenile literature, Goddesses Norse Juvenile literature, Goddesses Norse Fiction, Mythology Norse Fiction, Fantasy fiction, Young adult fiction,,,,,,,,,,,,,,,,,,
3605222,Zero zone : a novel,"O'Connor, Scott","1640093737, 9781640093737",2020,"Counterpoint,",acbk,nafic,NA,dth,2022-05-01T00:00:00.000,1,Women artists Fiction, Installations Art Fiction, Cults Fiction, Ex cultists Fiction, Responsibility Fiction, Missing persons Fiction, Fantasy fiction, Science fiction, Psychological fiction,,,,,,,,,,,,,,,
3472254,The harp of kings,"Marillier, Juliet","0451492781, 9780451492784, 9780451492791",2019,"Ace,",acbk,casf,NA,cen,2022-05-01T00:00:00.000,1,Brothers and sisters Fiction, Singers Fiction, Harp Fiction, Historical fiction, Fantasy fiction,,,,,,,,,,,,,,,,,,,
3667692,Sweet & bitter magic,"Tooley, Adrienne","1534453857, 9781534453852",[2021],"Margaret K. McElderry Books,",acbk,nyfic,NA,gwd,2022-05-01T00:00:00.000,1,Witches Juvenile fiction, Magic Juvenile fiction, Blessing and cursing Juvenile fiction, Epidemics Juvenile fiction, Deals Juvenile fiction, Romance fiction, Lesbian teenagers Fiction, Fathers and daughters Fiction, Sexual minorities Juvenile fiction, Fantasy, Fantasy fiction, Romance fiction,,,,,,,,,,,,
3765458,Ava Fluffyface's special day,"Meadows, Daisy","140834422X, 9781408344224",[2017],"Orchard Books,",jcbk,ncef,NA,gwd,2022-05-01T00:00:00.000,1,Kittens Juvenile fiction, Animals Juvenile fiction, Magic Juvenile fiction, Animals Fiction, Witches Fiction, Magic Fiction, Animal fiction, Fantasy fiction,,,,,,,,,,,,,,,,
3511056,The magnificent monsters of Cedar Street,"Oliver, Lauren, 1982-","0062345079, 9780062345073",[2020],"Harper, an imprint of HarperCollinsPublishers,",jcbk,ncfic,NA,qna,2022-05-01T00:00:00.000,1,Monsters Juvenile fiction, Missing persons Juvenile fiction, Animals Mythical Juvenile fiction, Boston Mass Juvenile fiction, Historical fiction, Magic realist fiction, Detective and mystery fiction, Fantasy fiction,,,,,,,,,,,,,,,,
3276924,Thiên môn chi hùng,"Fang, Baiyu","6046991404, 9786046991403",2016,"Nhà xuất bản Văn Học,",acbk,caln,NA,cen,2022-05-01T00:00:00.000,1,Gambling Fiction, Revenge Fiction, Chinese fiction Translations into Vietnamese, China Social life and customs 21st century Fiction, Fantasy fiction,,,,,,,,,,,,,,,,,,,
3465902,Ares and the spear of fear,"Holub, Joan","1442488484, 1442488492, 9781442488489, 9781442488496",2014,"Aladdin,",jcbk,ncfic,NA,bea,2022-05-01T00:00:00.000,1,Zeus Greek deity Juvenile fiction, Ares Greek deity Juvenile fiction, Amazons Juvenile fiction, Spears Juvenile fiction, Mythology Greek Juvenile fiction, Fantasy fiction, Mythological fiction,,,,,,,,,,,,,,,,,
2717767,The night circus : a novel,"Morgenstern, Erin","0385534639, 9780385534635",[2011],"Doubleday,",acbk,nafic,NA,gwd,2022-05-01T00:00:00.000,1,Magicians Fiction, Circus performers Fiction, Circus Fiction, Games Fiction, Love stories, Fantasy fiction,,,,,,,,,,,,,,,,,,
3311774,The hand of chaos,"Weis, Margaret","0553563696, 9780553563696",[1993],"Bantam Books,",acbk,nasf,NA,bro,2022-05-01T00:00:00.000,1,Death Gate Universe Imaginary place Fiction, Fantasy fiction,,,,,,,,,,,,,,,,,,,,,,
2881017,Sister mine,"Hopkinson, Nalo","0446576921, 9780446576925",2013,"Grand Central Publishing,",acbk,nasf,NA,gwd,2022-05-01T00:00:00.000,1,Sisters Fiction, Missing persons Fiction, Fantasy fiction, Magic realist fiction,,,,,,,,,,,,,,,,,,,,
3673641,She who became the sun,"Parker-Chan, Shelley","1250621801, 9781250621801",2021,"Tor,",acbk,nasf,NA,col,2022-05-01T00:00:00.000,1,Famines Fiction, Orphans Fiction, Monks Fiction, Brothers and sisters Fiction, Fantasy fiction, Fantasy fiction,,,,,,,,,,,,,,,,,,
3451591,Mythic journeys : retold myths and legends,edited by Paula Guran.,"1597809586, 9781597809580",[2019],"Night Shade Books,",acbk,nafic,NA,hip,2022-05-01T00:00:00.000,1,Mythology Fiction, Short stories, Fantasy fiction,,,,,,,,,,,,,,,,,,,,,
3626342,Ashes of the sun,"Wexler, Django","0316519545, 9780316519540",2020,"Orbit,",acbk,casf,NA,cen,2022-05-01T00:00:00.000,2,Brothers and sisters Fiction, Revenge Fiction, Imaginary wars and battles Fiction, Magic Fiction, Fantasy fiction, Epic fiction, Fantasy fiction, Epic fiction,,,,,,,,,,,,,,,,
3294696,The wizards of once,"Cowell, Cressida","0316508330, 9780316508339",2017,"Little, Brown and Company,",jcbk,ncfic,NA,bro,2022-05-01T00:00:00.000,1,Adventure and adventurers Fiction, Imaginary creatures Fiction, Adventure stories, Princes Juvenile fiction, Princesses Juvenile fiction, Wizards Juvenile fiction, Witches Juvenile fiction, Magic Juvenile fiction, Animals Mythical Juvenile fiction, Fantasy fiction, Fantasy fiction,,,,,,,,,,,,,
3442777,Escape to the mesa,"Hinojosa, Stacy, 1983-","0062796402, 9780062796400",[2019],"Harper, an imprint of HarperCollins Publishers,",jcbk,ncfic,NA,net,2022-05-01T00:00:00.000,1,Wolves Juvenile fiction, Young women Juvenile fiction, Human animal relationships Juvenile fiction, Forests and forestry Juvenile fiction, Courage Juvenile fiction, Fantasy fiction,,,,,,,,,,,,,,,,,,
3601635,The time of green magic,"McKay, Hilary","1534462767, 1534462775, 9781534462762, 9781534462779",2020,"Margaret K. McElderry Books,",jcbk,ncfic,NA,net,2022-05-01T00:00:00.000,1,Stepfamilies Juvenile fiction, Magic Juvenile fiction, Dwellings Juvenile fiction, Books and reading Juvenile fiction, Cats Juvenile fiction, Imaginary creatures Fiction, Fantasy fiction,,,,,,,,,,,,,,,,,
3765562,The book of stolen time,"Slater, Dashka","0374306486, 9780374306489",2022,"Farrar Straus Giroux Books for Young Readers,",jcbk,ncfic,NA,rbe,2022-05-01T00:00:00.000,1,Fairies Juvenile fiction, Goblins Juvenile fiction, Animals Mythical Juvenile fiction, Magic Juvenile fiction, Cousins Juvenile fiction, Fairies Fiction, Goblins Fiction, Imaginary creatures, Magic Fiction, Cousins Fiction, Fantasy fiction, Novels,,,,,,,,,,,,
2849880,Yŏnŏ iyagi = The salmon story,"An, To-hyŏn","8954611214, 9788954611213",2010,"Munhak Tongne,",acbk,caln,NA,cen,2022-05-01T00:00:00.000,1,Salmon Spawning Fiction, Fantasy fiction,,,,,,,,,,,,,,,,,,,,,,
3761580,Cress Watercress,"Maguire, Gregory","1536211001, 9781536211009",2022,"Candlewick Press,",jcbk,ncfic,NA,bea,2022-05-01T00:00:00.000,1,Rabbits Juvenile fiction, Animals Juvenile fiction, Families Juvenile fiction, Fathers Death Juvenile fiction, Home Juvenile fiction, Animal fiction, Fantasy fiction, Novels,,,,,,,,,,,,,,,,
3275363,The best science fiction & fantasy of the year. Volume nine,edited by Jonathan Strahan.,"1781083096, 9781781083093",2015,"Solaris,",acbk,casf,NA,cen,2022-05-01T00:00:00.000,2,Science fiction, Fantasy fiction, Short stories,,,,,,,,,,,,,,,,,,,,,
3517605,Oona out of order,"Montimore, Margarita","1250236606, 9781250236609",2020,"Flatiron Books,",acbk,nafic,NA,uni,2022-05-01T00:00:00.000,1,Time travel Fiction, Romance fiction, Science fiction, Fantasy fiction,,,,,,,,,,,,,,,,,,,,
3481834,The secret commonwealth,"Pullman, Philip, 1946-","0553510665, 0553510673, 9780553510669, 9780553510676",[2019],"Alfred A. Knopf,",acbk,nyfic,NA,cap,2022-05-01T00:00:00.000,1,Belacqua Lyra Fictitious character Juvenile fiction, College students Juvenile fiction, Secrecy Juvenile fiction, Fantasy, Young adult fiction, Fantasy fiction, Science fiction,,,,,,,,,,,,,,,,,
3464991,The enchanted castle,"Nesbit, E. (Edith), 1858-1924,","1784873071, 9781784873073",2017,"Vintage Books,",jcbk,ncfic,NA,cap,2022-05-01T00:00:00.000,1,Magic Juvenile fiction, Rings Juvenile fiction, Wishes Juvenile fiction, Brothers and sisters Juvenile fiction, Friendship Juvenile fiction, Great Britain History Edward VII 1901 1910 Juvenile fiction, Fantasy fiction,,,,,,,,,,,,,,,,,
3626201,Ballistic kiss,"Kadrey, Richard","0062672576, 9780062672575",[2020],"Harper Voyager,",acbk,nafic,NA,gwd,2022-05-01T00:00:00.000,1,Stark James Fictitious character Fiction, Angels Fiction, Zombies Fiction, Cold cases Criminal investigation Fiction, Risk taking Psychology Fiction, Los Angeles Calif Fiction, Fantasy fiction, Paranormal fiction, Detective and mystery fiction,,,,,,,,,,,,,,,
3754281,Sarah Scramblepaw's big step,"Meadows, Daisy","1408344181, 9781408344187",2017,"Orchard Books,",jcbk,ncef,NA,glk,2022-05-01T00:00:00.000,1,Animals Juvenile fiction, Magic Juvenile fiction, Witches Juvenile fiction, Fantasy fiction,,,,,,,,,,,,,,,,,,,,
3664097,The archive of the forgotten,"Hackwith, A. J.","1984806394, 9781984806390, 9781984806406",2020,"Ace,",acbk,nasf,NA,gwd,2022-05-01T00:00:00.000,1,Librarians Fiction, Books Fiction, Ink Fiction, Hell Fiction, Demonology Fiction, Angels Fiction, Fantasy fiction, Fantasy fiction, Adventure fiction, Action and adventure fiction, Paranormal fiction,,,,,,,,,,,,,
3449436,We hunt the flame,"Faizal, Hafsah","0374311544, 0374313644, 9780374311544, 9780374313647",2019,"Farrar, Straus and Giroux,",acbk,cyfic,NA,cen,2022-05-01T00:00:00.000,1,Fantasy, Magic Fiction, Blessing and cursing Fiction, Impersonation Fiction, Middle East Fiction, Young adult fiction, Fantasy fiction,,,,,,,,,,,,,,,,,
3275019,Xander and the dream thief,"Dilloway, Margaret","1520068212, 9781520068213",[2017],"Dreamscape Media, LLC,",jccd,ncbocd,Floating,lcy,2022-05-01T00:00:00.000,1,Dreams Juvenile fiction, Monsters Juvenile fiction, Mythology Japanese Juvenile fiction, Racially mixed people Juvenile fiction, Fantasy fiction, Childrens audiobooks,,,,,,,,,,,,,,,,,,
3336108,The glass spare,"DeStefano, Lauren","0062491288, 9780062491282",[2017],"Balzer + Bray, an imprint of HarperCollinsPublishers,",acbk,nyfic,NA,uni,2022-05-01T00:00:00.000,1,Magic Juvenile fiction, Blessing and cursing Juvenile fiction, Magic Fiction, Blessing and cursing Fiction, Adventure and adventurers Fiction, Action and adventure fiction, Spy fiction, Science fiction, Fantasy fiction, Young adult fiction,,,,,,,,,,,,,,
3401145,The fall of Gondolin,"Tolkien, J. R. R. (John Ronald Reuel), 1892-1973,","1328613046, 9781328613042",[2018],"Houghton Mifflin Harcourt,",acbk,nasf,NA,mon,2022-05-01T00:00:00.000,1,Middle Earth Imaginary place Fiction, Elves Fiction, Fantasy fiction,,,,,,,,,,,,,,,,,,,,,
3629601,The kingdom of liars : a novel,"Martell, Nick","1534437789, 9781534437784, 9781534437807",2020,"Saga Press,",acbk,casf,NA,cen,2025-06-01T00:00:00.000,2,Traitors Fiction, Kings and rulers Fiction, Fathers and sons Fiction, Magic Fiction, Fantasy fiction, Fantasy fiction,,,,,,,,,,,,,,,,,,
3606165,A warrior's spirit,"Hunter, Erin","006285741X, 1544443943, 9780062857415, 9781544443942",[2020],"Harper, an imprint of HarperCollins Publishers,",jcbk,ccfic,NA,cen,2022-05-01T00:00:00.000,2,Cats Juvenile fiction, Clans Juvenile fiction, Fantasy fiction,,,,,,,,,,,,,,,,,,,,,
2816311,Alif the unseen,"Wilson, G. Willow, 1982-","1455895407, 9781455895403",[2012],"Brilliance Audio,",accd,nabocd,Floating,wal,2022-05-01T00:00:00.000,1,Hackers Fiction, Middle East Fiction, Adventure fiction, Fantasy fiction,,,,,,,,,,,,,,,,,,,,
3184142,Lost gods,"Brom, 1965-","0062095684, 9780062095688",[2016],"Harper Voyager, an Imprint of HarperCollins Publishers,",acbk,nafic,NA,nga,2022-05-01T00:00:00.000,1,Purgatory Fiction, Fantasy fiction, Paranormal fiction,,,,,,,,,,,,,,,,,,,,,
3754095,The justice of kings,"Swan, Richard (Fiction writer)","0316361380, 0316361585, 9780316361385, 9780316361583",2022,"Orbit,",acbk,nasf,NA,bal,2022-05-01T00:00:00.000,1,Kings and rulers Fiction, Judges Fiction, Government investigators Fiction, Murder Investigation Fiction, Conspiracies Fiction, Imaginary places Fiction, Fantasy fiction,,,,,,,,,,,,,,,,,
3404293,"Pantheon. Volume I, Heterotopia","Moges, Awet","1944854045, 9781944854041",[2018],"Pood Paw Prints,",acbk,cacomic,NA,cen,2022-05-01T00:00:00.000,1,Deaf artists Comic books strips etc, Graphic novels, Fantasy fiction,,,,,,,,,,,,,,,,,,,,,
3447298,Spark,"Durst, Sarah Beth","1328973425, 9781328973429",[2019],"Clarion Books, Houghton Mifflin Harcourt,",jcbk,ccfic,NA,cen,2022-05-01T00:00:00.000,1,Quietude Juvenile fiction, Dragons Juvenile fiction, Weather Juvenile fiction, Fantasy fiction,,,,,,,,,,,,,,,,,,,,
3456861,Rise,"Goodlett, Ellen","0316515353, 9780316515344, 9780316515351, 9780316563635",2019,"Little, Brown and Company,",acbk,nyfic,NA,qna,2022-05-01T00:00:00.000,1,Inheritance and succession Fiction, Sisters Fiction, Kings and rulers Fiction, Queens Fiction, Secrecy Fiction, Extortion Fiction, Kings queens rulers etc Fiction, Secrets Fiction, Fantasy, Fantasy fiction, Young adult fiction,,,,,,,,,,,,,
3260590,The star thief,"Becker, Lindsey","0316348562, 9780316348560",2017,"Little, Brown and Company,",jcbk,ncfic,NA,bea,2022-05-01T00:00:00.000,1,Inventors Juvenile fiction, Constellations Juvenile fiction, Mythology Classical Juvenile fiction, Sailors Juvenile fiction, Fantasy fiction,,,,,,,,,,,,,,,,,,,
3641873,Fairhaven rising,"Modesitt, L. E., Jr., 1943-","1250265193, 9781250265180, 9781250265197",2021,"Tor,",acbk,casf,NA,cen,2022-05-01T00:00:00.000,1,Wizards Fiction, Magic Fiction, Fantasy fiction, Fantasy fiction,,,,,,,,,,,,,,,,,,,,
3044589,Owlsight,"Lackey, Mercedes","0886778034, 9780886778033",[1999],"DAW Books,",acbk,nasf,NA,lcy,2022-05-01T00:00:00.000,1,Valdemar Imaginary place Fiction, Fantasy fiction,,,,,,,,,,,,,,,,,,,,,,
3689607,Bo and the merbaby,"Elliott, Rebecca","1338745549, 1338745557, 9781338745542, 9781338745559, 9781338745566",2021,"Scholastic Inc.,",jcbk,ncef,NA,bal,2022-05-01T00:00:00.000,1,Unicorns Juvenile fiction, Mermaids Juvenile fiction, Magic Juvenile fiction, Helping behavior Juvenile fiction, Diaries Juvenile fiction, Helpfulness Fiction, People with disabilities Fiction, Fantasy fiction, Diary fiction,,,,,,,,,,,,,,,
3394269,Codex 1962,"Sjón, 1962-","0374125635, 9780374125639",2018,"Farrar, Straus and Giroux,",acbk,nafic,NA,swt,2022-05-01T00:00:00.000,1,Fathers and sons Fiction, Geneticists Fiction, Jews Germany History 1933 1945 Fiction, Fantasy fiction, Epic fiction,,,,,,,,,,,,,,,,,,,
3758225,On these magic shores,"Méndez, Yamile Saied","1643790315, 9781643790312, 9781643790329, 9781643790336",[2020],"Tu Books, an imprint of Lee & Low Books,",jcbk,ccfic,NA,cen,2022-05-01T00:00:00.000,1,Missing persons Juvenile fiction, Responsibility Juvenile fiction, Sisters Juvenile fiction, Friendship Juvenile fiction, Theater Juvenile fiction, Fairies Juvenile fiction, Magic Juvenile fiction, Argentine Americans Juvenile fiction, Missing persons Fiction, Responsibility Fiction, Sisters Fiction, Friendship Fiction, Theater Fiction, Fairies Fiction, Magic Fiction, Argentine Americans Fiction, Fantasy fiction,,,,,,,
2063801,Stranger things happen,"Link, Kelly",1931520003,2001,"Small Beer Press,",acbk,nasf,NA,gwd,2022-05-01T00:00:00.000,1,Fantasy fiction, Short stories,,,,,,,,,,,,,,,,,,,,,,
3600125,Where the wild ladies are,"Matsuda, Aoko, 1979-","1593766904, 9781593766900, 9781593766917",2020,"Soft Skull Press,",acbk,nafic,NA,fre,2022-05-01T00:00:00.000,1,Japan Fiction, Magic Fiction, Matsuda Aoko 1979 Translations into English, Short stories, Linked stories, Folk tales, Mythological fiction, Paranormal fiction, Fantasy fiction,,,,,,,,,,,,,,,
2376089,The Prydain companion : a reference guide to Lloyd Alexander's Prydain chronicles,"Tunnell, Michael O.",805072713,[2003],"Henry Holt,",jcbk,ccnf,NA,cen,2022-05-01T00:00:00.000,1,Alexander Lloyd Chronicles of Prydain Dictionaries Juvenile, Childrens stories American Dictionaries Juvenile, Fantasy fiction American Dictionaries Juvenile,,,,,,,,,,,,,,,,,,,,,
3335530,Seven stones to stand or fall : a collection of Outlander fiction,"Gabaldon, Diana","1683245997, 9781683245995",2017,"Center Point Large Print,",acbk,calpfic,NA,cen,2022-05-01T00:00:00.000,1,Fraser Jamie Fictitious character from Gabaldon Fiction, Time travel Fiction, World War 1939 1945 Fiction, Highlands Scotland Fiction, Great Britain History 18th century Fiction, Historical fiction American, Fantasy fiction American, Large type books, Short stories, Fantasy fiction, Action and adventure fiction, Historical fiction,,,,,,,,,,,,
3752965,La guerra de crier,"Varela, Nina","607077826X, 9786070778261, 9786070778285",2021,Cross Books,acbk,nyln,NA,gwd,2022-05-01T00:00:00.000,1,Imaginary places Juvenile fiction, Imaginary wars and battles Juvenile fiction, Androids Juvenile fiction, Lesbians Juvenile fiction, Inheritance and succession Juvenile fiction, Artificial intelligence Fiction, Household employees Fiction, Interpersonal relations Fiction, Love Fiction, Revenge Fiction, Aristocracy Social class Fiction, Kings queens rulers etc Fiction, Political corruption Fiction, Fantasy, Young adult fiction, Lesbian fiction, Fantasy fiction, Novels,,,,,,
2393205,Summon the Keeper,"Huff, Tanya","0886777844, 9780886777845",[1998],"DAW Books,",acbk,casf,NA,cen,2022-05-01T00:00:00.000,2,Fantasy fiction,,,,,,,,,,,,,,,,,,,,,,,
3296398,The language of thorns : midnight tales and dangerous magic,"Bardugo, Leigh","125012252X, 1250167086, 1250167094, 1250173922, 9781250122520, 9781250167088, 9781250167095, 9781250173928",2017,"Imprint,",acbk,nyfic,NA,bro,2022-05-01T00:00:00.000,1,Magic Juvenile fiction, Betrayal Juvenile fiction, Revenge Juvenile fiction, Sacrifice Juvenile fiction, Love Fiction, Young adult fiction, Short stories, Fantasy fiction,,,,,,,,,,,,,,,,
3723950,The last graduate : a novel,"Novik, Naomi","0593128869, 0593357280, 1529100887, 9780593128862, 9780593128879, 9780593357286, 9781473577848, 9781529100884",[2021],"Del Rey,",acbk,nasf,NA,bea,2022-05-01T00:00:00.000,1,Schools Fiction, Magic Fiction, Monsters Fiction, Fantasy fiction, Fantasy fiction,,,,,,,,,,,,,,,,,,,
3010022,Mouseheart,"Fiedler, Lisa","1442371684, 9781442371682",[2014],"Simon & Schuster Audio,",jccd,ccbocd,NA,cen,2022-05-01T00:00:00.000,1,Mice Juvenile fiction, Subways New York State New York Juvenile fiction, Subways Fiction, Adventure and adventurers Fiction, Brooklyn New York N Y Juvenile fiction, Fantasy fiction, Adventure fiction,,,,,,,,,,,,,,,,,
3424390,The creeper attack,"Morgan, Winter","1510737367, 9781510737365",[2018],"Sky Pony Press,",jcbk,ncfic,NA,net,2022-05-01T00:00:00.000,1,Minecraft Game Juvenile fiction, Computer games Juvenile fiction, Video games Juvenile fiction, Time travel Juvenile fiction, Monsters Juvenile fiction, Friendship Juvenile fiction, Imaginary places Juvenile fiction, Minecraft Game Fiction, Computer games Fiction, Video games Fiction, Adventure and adventurers Fiction, Time travel Fiction, Monsters Fiction, Friendship Fiction, Imaginary places Fiction, Fantasy, Science fiction, Action and adventure fiction, Fantasy fiction, Science fiction,,,,
3105305,The wicked,"Banks, L. A.","0312352360, 9780312352363",2007,"St. Martin's Griffin,",acbk,cafic,NA,cen,2022-05-01T00:00:00.000,1,Richards Damali Fictitious character Fiction, Vampires Fiction, African American women Fiction, Women martial artists Fiction, Women in the performing arts Fiction, Fantasy fiction, Horror fiction, Occult fiction,,,,,,,,,,,,,,,,
3389100,A map of days,"Riggs, Ransom","0735232148, 9780735232143",[2018],"Dutton Books,",acbk,nyfic,NA,mag,2022-05-01T00:00:00.000,1,Voyages and travels Fiction, Grandfathers Fiction, Florida Fiction, Voyages and travels Juvenile fiction, Grandfathers Juvenile fiction, Florida Juvenile fiction, Young adult fiction, Paranormal fiction, Fantasy fiction,,,,,,,,,,,,,,,
3464673,The starless sea,"Morgenstern, Erin","038554121X, 9780385541213",[2019],"Doubleday,",pkbknh,pkfic,NA,cen,2022-05-01T00:00:00.000,1,Man woman relationships Fiction, Vermont Fiction, Seas Fiction, Library shelving Fiction, Fantasy fiction,,,,,,,,,,,,,,,,,,,
3456755,The dragon's tale,"Krulik, Nancy E.","1524791539, 1524791547, 9781524791537, 9781524791544",2019,"Penguin Workshop,",jcbk,ncef,NA,mon,2022-05-01T00:00:00.000,1,Princesses Juvenile fiction, Knights and knighthood Juvenile fiction, Dragons Juvenile fiction, Quests Expeditions Juvenile fiction, Restaurants Juvenile fiction, Fantasy fiction,,,,,,,,,,,,,,,,,,
3286723,The wonderling,"Bartók, Mira","0763691216, 9780763691219",2017,"Candlewick Press,",jcbk,ncfic,NA,nga,2022-05-01T00:00:00.000,1,Animals Mythical Juvenile fiction, Orphaned animals Juvenile fiction, Orphanages Juvenile fiction, Fantasy, Fantasy fiction,,,,,,,,,,,,,,,,,,,
3471481,The library of the unwritten,"Hackwith, A. J.","1984806378, 9781984806376",2019,"Ace,",acbk,casf,NA,cen,2022-05-01T00:00:00.000,2,Hell Fiction, Demonology Fiction, Angels Fiction, Librarians Fiction, Libraries Fiction, Books Fiction, Fantasy fiction,,,,,,,,,,,,,,,,,
3101540,Points of departure : Liavek stories,"Wrede, Patricia C., 1953-","1626815550, 9781626815551",2015,"Diversion Books,",acbk,nasf,NA,glk,2022-05-01T00:00:00.000,1,Magic Fiction, Imaginary places Fiction, Fantasy fiction, Short stories,,,,,,,,,,,,,,,,,,,,
3272175,Guardians of the Whills,"Rucka, Greg","1484780817, 9781484780817",2017,"Disney Lucasfilm Press,",jcbk,ncfic,NA,net,2022-05-01T00:00:00.000,1,Imaginary wars and battles Juvenile fiction, Good and evil Juvenile fiction, Life on other planets Juvenile fiction, Space warfare Juvenile fiction, Star Wars fiction Juvenile fiction, Fantasy fiction, Science fiction,,,,,,,,,,,,,,,,,
3267517,The half-drowned king : a novel,"Hartsuyker, Linnea","0062563696, 9780062563699",[2017],"Harper, an imprint of HarperCollinsPublishers,",acbk,nafic,NA,swt,2022-05-01T00:00:00.000,1,Harald I Haarfagre King of Norway approximately 860 approximately 940 Fiction, Civil war Fiction, Norway History To 1030 Fiction, Epic fiction, Fantasy fiction, Historical fiction,,,,,,,,,,,,,,,,,,
3265091,Moonbreaker,"Green, Simon R., 1955-","0451476956, 9780451476951",2017,"Ace,",acbk,nasf,NA,swt,2022-05-01T00:00:00.000,1,Drood Eddie Fictitious character Fiction, Fantasy fiction, Paranormal fiction,,,,,,,,,,,,,,,,,,,,,
3489695,Santa's puppy,"Hapka, Cathy","0358051843, 9780358051848",[2019],"Houghton Mifflin Harcourt,",jcbk,nchol,NA,glk,2022-05-01T00:00:00.000,1,Santa Claus Juvenile fiction, Puppies Juvenile fiction, Dogs Fiction, Christmas fiction, Fantasy fiction,,,,,,,,,,,,,,,,,,,
3434483,The everlasting rose,"Clayton, Dhonielle","1484728483, 9781484728482",2019,"Freeform Books,",acbk,nyfic,NA,glk,2022-05-01T00:00:00.000,1,Sisters Juvenile fiction, Dating Social customs Juvenile fiction, Beauty Personal Fiction, Sisters Fiction, Dating Social customs Fiction, Counterculture Fiction, Newspapers Fiction, Beauty Personal Fiction, Sisters Fiction, Dating Social customs Fiction, Counterculture Fiction, Newspapers Fiction, Fantasy, Fantasy fiction,,,,,,,,,,
3234697,Dreadnought,"Daniels, April (Young adult author)","1682300684, 9781682300688",2017,"Diversion Books,",acbk,nyfic,NA,idc,2022-05-01T00:00:00.000,1,Transgender people Identity Fiction, Superheroes Fiction, Women superheroes Fiction, Transgender youth Fiction, Fantasy fiction,,,,,,,,,,,,,,,,,,,
3480357,Fate of the fallen,"Kade, Kel","1250293790, 9781250293794",2019,"Tor,",acbk,nasf,NA,swt,2022-05-01T00:00:00.000,1,Foresters Fiction, Fantasy fiction,,,,,,,,,,,,,,,,,,,,,,
3683001,The coward,"Aryan, Stephen, 1977-","0857668889, 9780857668882",[2021],"Angry Robot,",acbk,nasf,NA,gwd,2022-05-01T00:00:00.000,1,Heroes Fiction, Secrecy Fiction, Magic Fiction, Fantasy fiction, Novels,,,,,,,,,,,,,,,,,,,
3460148,Song of Susannah,"King, Stephen, 1947-","0743254554, 9780743254557",2016,"Scribner,",acbk,nasf,NA,swt,2022-05-01T00:00:00.000,1,Roland Fictitious character King Fiction, New York N Y Fiction, Maine Fiction, Fantasy fiction, Horror fiction,,,,,,,,,,,,,,,,,,,
3631570,Rhythm of war. [Part 2],"Sanderson, Brandon","1250771544, 9781250771544",[2020],"Macmillan Audio,",accd,nabocd,Floating,mgm,2022-05-01T00:00:00.000,1,Imaginary wars and battles Fiction, Imaginary places Fiction, Slavery Fiction, Magic Fiction, Kings and rulers Fiction, Epic fiction, Fantasy fiction, Fantasy fiction, Audiobooks,,,,,,,,,,,,,,,
3398551,Crowfeather's trial,"Hunter, Erin","0062698761, 006269877X, 9780062698766, 9780062698773",[2018],"Harper, an imprint of HarperCollins Publishers,",jcbk,ncfic,NA,spa,2022-05-01T00:00:00.000,1,Cats Juvenile fiction, Clans Juvenile fiction, Betrayal Juvenile fiction, Cats Fiction, Clans Fiction, Betrayal Fiction, Action and adventure fiction, Fantasy fiction, Animal fiction, Fantasy fiction,,,,,,,,,,,,,,
3681437,The crown of gilded bones,"Armentrout, Jennifer L.","1713548186, 9781713548188",[2021],"Brilliance Audio,",accd,nabocd,Floating,wts,2022-05-01T00:00:00.000,1,Good and evil Fiction, Duty Fiction, Demonology Fiction, Love stories, Fantasy fiction, Audiobooks, Fantasy fiction, Paranormal fiction, Romance fiction, Science fiction,,,,,,,,,,,,,,
2414450,Name of the wind,"Rothfuss, Patrick, 1973-","075640407X, 9780756404079",[2007],"DAW Books, Inc.,",acbk,nasf,NA,dth,2022-05-01T00:00:00.000,1,Magicians Fiction, Magic Fiction, Fantasy fiction,,,,,,,,,,,,,,,,,,,,,
3672366,The place of no stars,"Hunter, Erin","0063059223, 1799952940, 1799952959, 9780063059221, 9781799952947, 9781799952954",[2021],"HarperCollins,",jccd,ncbocd,Floating,idc,2022-05-01T00:00:00.000,1,Adventure stories, Cats Juvenile fiction, Clans Juvenile fiction, Feral cats Juvenile fiction, Fantasy Juvenile fiction, Fantasy fiction, Audiobooks, Childrens audiobooks, Animal fiction, Fantasy fiction, Action and adventure fiction, Novels,,,,,,,,,,,,
3716789,The sisters of reckoning,"Davis, Charlotte Nicole","1250299748, 9781250299734, 9781250299741",2021,"Tor Teen,",acbk,nyfic,NA,swt,2022-05-01T00:00:00.000,1,Social classes Juvenile fiction, Prostitutes Fiction, Escapes Fiction, Survival Fiction, Young adult fiction, Dystopian fiction, Fantasy fiction,,,,,,,,,,,,,,,,,
3682721,The chosen and the beautiful,"Vo, Nghi","1250784786, 9781250784780, 9781250784797",2021,"Tordotcom,",acbk,nasf,NA,net,2022-05-01T00:00:00.000,5,Asian American women Fiction, Gays Fiction, Nineteen twenties Fiction, Fantasy fiction, Bildungsromans, Fantasy fiction, Bildungsromans,,,,,,,,,,,,,,,,,
3396517,Muse of nightmares,"Taylor, Laini","0316341711, 9780316341714",2018,"Little, Brown and Company,",acbk,nyfic,NA,glk,2022-05-01T00:00:00.000,1,Adventure and adventurers Fiction, Sisters Fiction, Fantasy, Sisters Juvenile fiction, Sisters Fiction, Action and adventure fiction, Fantasy fiction,,,,,,,,,,,,,,,,,
3769598,Der Geist in der British Library : und andere Geschichten aus dem Folly,"Aaronovitch, Ben, 1964-","3423219580, 9783423219587",2021,"dtv Verlagsgesellschaft,",acbk,caln,NA,cen,2022-05-01T00:00:00.000,1,Short stories, Fantasy fiction,,,,,,,,,,,,,,,,,,,,,,
3523774,Cursed,"Calonita, Jen","1492680168, 9781492680161",[2020],"Sourcebooks Young Readers,",jcbk,ccfic,NA,cen,2022-05-01T00:00:00.000,1,Magic Juvenile fiction, Blessing and cursing Juvenile fiction, Heroes Juvenile fiction, Reformatories Juvenile fiction, Schools Juvenile fiction, Characters and characteristics in literature Juvenile fiction, Fairy tales, Fantasy fiction,,,,,,,,,,,,,,,,
2881017,Sister mine,"Hopkinson, Nalo","0446576921, 9780446576925",2013,"Grand Central Publishing,",acbk,nasf,NA,uni,2022-05-01T00:00:00.000,1,Sisters Fiction, Missing persons Fiction, Fantasy fiction, Magic realist fiction,,,,,,,,,,,,,,,,,,,,
3446055,The chancellor and the citadel,"Frantz, Maria Capelle, 1996-","1945820268, 9781945820267",2018,"Iron Circus Comics,",acbk,nycomic,NA,lcy,2022-05-01T00:00:00.000,1,Insurgency Comic books strips etc, Women heads of state Comic books strips etc, Peace officers Comic books strips etc, Dystopian comics, Fantasy fiction, Graphic novels,,,,,,,,,,,,,,,,,,
3638219,Rhythm of war,"Sanderson, Brandon","0765326388, 1250784263, 9780765326386, 9781250784261",2020,"Tor Fantasy,",acbk,nasf,NA,wal,2022-05-01T00:00:00.000,1,Imaginary wars and battles Fiction, Imaginary places Fiction, Slavery Fiction, Magic Fiction, Kings and rulers Fiction, Fantasy fiction, Fantasy fiction, Science fiction,,,,,,,,,,,,,,,,
3429255,Gingerbread,"Oyeyemi, Helen","1594634653, 9781594634659",[2019],"Riverhead Books,",acbk,nafic,NA,lcy,2022-05-01T00:00:00.000,1,Family owned business enterprises Fiction, Gingerbread Fiction, Fantasy fiction,,,,,,,,,,,,,,,,,,,,,
3410953,Soulless,"Carriger, Gail","0316402419, 9780316402415",[2014],"Orbit,",acbk,cafic,NA,cen,2022-05-01T00:00:00.000,1,Tarabotti Alexia Fictitious character Fiction, Vampires Fiction, Werewolves Fiction, London England Social life and customs 19th century Fiction, London England History 1800 1950 Fiction, Etiquette England London History 19th century Fiction, Fantasy fiction, Horror fiction, Historical fiction, Paranormal fiction,,,,,,,,,,,,,,
3642421,The queen's secret,"De la Cruz, Melissa, 1971-","0525515941, 0593353617, 9780525515944, 9780525515951, 9780593353615",[2021],"G.P. Putnam's Sons,",acbk,nyfic,NA,bro,2022-05-01T00:00:00.000,1,Magic Juvenile fiction, Assassins Juvenile fiction, Kings and rulers Juvenile fiction, Queens Juvenile fiction, Apprentices Juvenile fiction, Young adult fiction, Fantasy fiction, Romance fiction,,,,,,,,,,,,,,,,
3422024,Slayer,"White, Kiersten","1534404953, 9781534404953",2019,"Simon Pulse,",acbk,nyfic,NA,mon,2022-05-01T00:00:00.000,1,Good and evil Juvenile fiction, Magic Juvenile fiction, Monsters Juvenile fiction, Demonology Juvenile fiction, Vampires Juvenile fiction, Fantasy fiction, Young adult fiction,,,,,,,,,,,,,,,,,
3755266,The Ogress and the orphans,"Barnhill, Kelly Regan","1643750747, 1643752766, 9781643750743, 9781643752761",2022,"Algonquin Young Readers, an imprint of Algonquin Books of Chapel Hill,",jcbk,ncfic,NA,mon,2022-05-01T00:00:00.000,1,Fantasy Juvenile fiction, Orphans Juvenile fiction, Missing children Juvenile fiction, Blame Juvenile fiction, Generosity Juvenile fiction, Ghouls and ogres Juvenile fiction, Fantasy fiction, Paranormal fiction, Novels,,,,,,,,,,,,,,,
3736181,Dark tarot,"Feehan, Christine","0593333179, 9780593333174, 9780593333198",[2021],"Berkley,",acbk,nafic,NA,swt,2022-05-01T00:00:00.000,1,Erotic stories, Magic Fiction, Vampires Fiction, Tarot Fiction, Man woman relationships Fiction, Fantasy fiction, Romance fiction, Vampire fiction, Paranormal fiction,,,,,,,,,,,,,,,
3523614,A wish in the dark,"Soontornvat, Christina","1799731286, 1799731294, 9781799731283, 9781799731290",[2020],"Brilliance Audio,",jccd,ccbocd,NA,cen,2022-05-01T00:00:00.000,1,Prisoners Juvenile fiction, Light Social aspects Juvenile fiction, Thailand Juvenile fiction, Classism Juvenile fiction, Social stratification Juvenile fiction, Escaped prisoners Juvenile fiction, Fantasy fiction, Social problem fiction, Childrens audiobooks, Audiobooks,,,,,,,,,,,,,,
2733387,A blight of mages,"Miller, Karen, 1961-","031602922X, 9780316029223",2011,"Orbit,",acbk,casf,NA,cen,2022-05-01T00:00:00.000,1,Wizards Fiction, Fantasy fiction,,,,,,,,,,,,,,,,,,,,,,
3688842,Martin the Warrior,"Jacques, Brian","0142400556, 9780142400555",2004,"Firebird,",jcbk,ccfic,NA,cen,2022-05-01T00:00:00.000,1,Mice Juvenile fiction, Animals Juvenile fiction, Fantasy, Fantasy fiction, Fantasy fiction,,,,,,,,,,,,,,,,,,,
3604473,Unlocked,"Messenger, Shannon","1534463429, 9781534463424",2020,"Aladdin,",jcbk,ncfic,NA,lcy,2022-05-01T00:00:00.000,1,Ability Juvenile fiction, Psychic ability Juvenile fiction, Memory Juvenile fiction, Identity Philosophical concept Juvenile fiction, Elves Juvenile fiction, Fantasy fiction,,,,,,,,,,,,,,,,,,
2596339,Magic's promise,"Lackey, Mercedes","0886774012, 9780886774011",[1990],"DAW Books,",acbk,nasf,NA,gwd,2022-05-01T00:00:00.000,1,Valdemar Imaginary place Fiction, Magic Fiction, Fantasy fiction,,,,,,,,,,,,,,,,,,,,,
3726465,What once was mine : a twisted tale : What if Rapunzel's mother drank a potion from the wrong flower?,"Braswell, Liz","1368063829, 9781368063821",2021,"Disney-Hyperion,",acbk,nyfic,NA,bro,2022-05-01T00:00:00.000,1,Rapunzel Tale Fiction, Imprisonment Fiction, Hair Fiction, Magic Fiction, Young adult fiction, Hair Fiction, Young adult fiction, Fantasy fiction, Action and adventure fiction,,,,,,,,,,,,,,,
3370289,The Basque dragon,"Gidwitz, Adam","0735231737, 9780735231733",[2018],"Dutton Children's Books,",jcbk,ncfic,NA,fre,2022-05-01T00:00:00.000,1,Animals Mythical Juvenile fiction, Animal rescue Juvenile fiction, Dragons Juvenile fiction, Friendship Juvenile fiction, Pa¡s Vasco Spain Juvenile fiction, Fantasy fiction,,,,,,,,,,,,,,,,,,
3721672,True dead,"Hunter, Faith","0451488733, 9780451488732",2021,"Ace,",acbk,nasf,NA,wts,2022-05-01T00:00:00.000,1,Yellowrock Jane Fiction, Vampires Fiction, Shapeshifting Fiction, Magic Fiction, New Orleans La Fiction, Paranormal fiction, Fantasy fiction, Novels,,,,,,,,,,,,,,,,
3610238,The Ickabog,"Rowling, J. K.","1338732870, 9781338732870",2020,"Scholastic Inc.,",jcbk,ncnew,NA,gwd,2022-05-01T00:00:00.000,1,Monsters Juvenile fiction, Fear Juvenile fiction, Friendship Juvenile fiction, Kings and rulers Juvenile fiction, Quests Expeditions Juvenile fiction, Animals Mythical Juvenile fiction, Imaginary places Juvenile fiction, Fantasy fiction, Novels,,,,,,,,,,,,,,,
3711925,A court of thorns and roses,"Maas, Sarah J.","1635575559, 1635575567, 9781635575552, 9781635575569",2020,"Bloomsbury Publishing,",acbk,nyfic,NA,col,2022-05-01T00:00:00.000,1,Fairies Juvenile fiction, Blessing and cursing Juvenile fiction, Captivity Juvenile fiction, Magic Juvenile fiction, Imaginary places Juvenile fiction, Tam Lin Legendary character Adaptations Juvenile fiction, Fantasy, Romance fiction, Fantasy fiction,,,,,,,,,,,,,,,
3225278,A fairy's fire,"Thorpe, Kiki","0736435565, 0736481753, 9780736435567, 9780736481755",[2016],"Random House,",jcbk,ncfic,NA,rbe,2022-05-01T00:00:00.000,1,Fairies Juvenile fiction, Friendship Juvenile fiction, Never Never Land Imaginary place Juvenile fiction, Dragons Juvenile fiction, Fantasy fiction, Fantasy fiction,,,,,,,,,,,,,,,,,,
3449594,The soul of power,"Bates, Callie","0399177442, 9780399177446",[2019],"Del Rey,",acbk,nasf,NA,bea,2022-05-01T00:00:00.000,1,Fantasy fiction, Bildungsromans,,,,,,,,,,,,,,,,,,,,,,
3460026,Finding orion,"Anderson, John David, 1975-","0062938746, 9780062938749",[2019],"Harper Audio,",jccd,ncbocd,Floating,nga,2022-05-01T00:00:00.000,1,Families Juvenile fiction, Grandfathers Death Juvenile fiction, Constellations Juvenile fiction, Family life Fiction, Fantasy fiction, Childrens audiobooks, Audiobooks,,,,,,,,,,,,,,,,,
3705536,Isadora Moon gets in trouble,"Muncaster, Harriet","059312622X, 1713725126, 9780593126226, 9780593126233, 9781713725121",2020,"Random House,",jcbk,ncef,NA,qna,2022-05-01T00:00:00.000,1,Cousins Juvenile fiction, Schools Juvenile fiction, Fairies Juvenile fiction, Magic Juvenile fiction, Vampires Juvenile fiction, Dragons Juvenile fiction, Behavior Fiction, Fantasy fiction,,,,,,,,,,,,,,,,
3345017,"Ink, iron, and glass","Clare, Gwendolyn","1250112761, 9781250112767",2018,"Imprint,",acbk,nyfic,NA,dth,2022-05-01T00:00:00.000,1,Imaginary places Juvenile fiction, Reality Juvenile fiction, Ability Juvenile fiction, Kidnapping Juvenile fiction, Secret societies Juvenile fiction, Gifted persons Juvenile fiction, Assassins Juvenile fiction, Fantasy fiction, Science fiction,,,,,,,,,,,,,,,
3265051,Cold reign,"Hunter, Faith","1101991402, 9781101991404",2017,"Ace,",acbk,nasf,NA,net,2022-05-01T00:00:00.000,1,Shapeshifting Fiction, Vampires Fiction, Witches Fiction, New Orleans La Fiction, Fantasy fiction, Paranormal fiction,,,,,,,,,,,,,,,,,,
3374769,A reaper at the gates,"Tahir, Sabaa","0448494507, 9780448494500",[2018],"Razorbill,",acbk,nyfic,NA,rbe,2022-05-01T00:00:00.000,1,Authoritarianism Juvenile fiction, Insurgency Juvenile fiction, Undercover operations Juvenile fiction, Brothers and sisters Juvenile fiction, Slaves Juvenile fiction, Military cadets Juvenile fiction, Fantasy fiction, Romance fiction, Young adult fiction,,,,,,,,,,,,,,,
3385920,The lost continent,"Sutherland, Tui, 1978-","1338214438, 9781338214437",2018,"Scholastic Press,",jcbk,ncfic,NA,wal,2022-05-01T00:00:00.000,1,Dragons Juvenile fiction, Quests Expeditions Juvenile fiction, Identity Psychology Juvenile fiction, Adventure stories, Heroes Juvenile fiction, Enemies Juvenile fiction, Secrecy Juvenile fiction, Fantasy fiction,,,,,,,,,,,,,,,,
3452725,Time after time : a novel,"Grunwald, Lisa","0812993438, 9780812993431",[2019],"Random House,",acbk,nafic,NA,gwd,2022-05-01T00:00:00.000,1,Time travel Fiction, Man woman relationships Fiction, Grand Central Parkway New York N Y Fiction, Fantasy fiction, Historical fiction,,,,,,,,,,,,,,,,,,,
3705718,Soul of cinder,"Barton, Bree","0062447742, 9780062447746",[2021],"Katherine Teagan Books, an imprint of HarperCollins Publishers ,",acbk,nyfic,NA,bal,2022-05-01T00:00:00.000,1,Sisters Fiction, Magic Fiction, Demonology Fiction, Princes Fiction, Witches Fiction, Grief Fiction, Suffering Fiction, Revolutions Fiction, Feminism Fiction, Young adult fiction, Young adult fiction, Fantasy fiction,,,,,,,,,,,,
2583497,Warbreaker,"Sanderson, Brandon","0765320304, 9780765320308",2009,"Tor,",acbk,nasf,NA,qna,2022-05-01T00:00:00.000,1,Sisters Fiction, Princesses Fiction, Gods Fiction, Fantasy fiction,,,,,,,,,,,,,,,,,,,,
3469082,Malamander,"Taylor, Thomas, 1973-","1536207225, 9781536207224",2019,"Walker Books US, a division of Candlewick Press,",jcbk,ncfic,NA,dlr,2022-05-01T00:00:00.000,1,Monsters Juvenile fiction, Magic Juvenile fiction, Hotels Juvenile fiction, Missing children Juvenile fiction, Hotels motels etc Fiction, Fantasy fiction,,,,,,,,,,,,,,,,,,
3503916,The night country,"Albert, Melissa","1250246075, 1250258138, 9781250246073, 9781250258137","2020, ©2019.","Flatiron Books,",acbk,nynew,NA,cap,2022-05-01T00:00:00.000,1,Fairy tales, Magic Fiction, Fantasy, Young adult fiction, Fantasy fiction,,,,,,,,,,,,,,,,,,,
3440604,Where oblivion lives,"Frohock, Teresa","0062825615, 9780062825612",2019,"Harper Voyager,",acbk,nasf,NA,mag,2022-05-01T00:00:00.000,1,Good and evil Fiction, Angels Fiction, Imaginary wars and battles Fiction, Violinists Fiction, Fantasy fiction,,,,,,,,,,,,,,,,,,,
3675167,Legacy of steel,"Ward, Mat","0316457906, 0356513386, 9780316457903, 9780356513386, 9780356513393",2020,"Orbit,",acbk,nasf,NA,rbe,2022-05-01T00:00:00.000,1,Soldiers Fiction, Insurgency Fiction, Magic Fiction, Fantasy fiction, Novels,,,,,,,,,,,,,,,,,,,
